Setup,Punchline,Credit,Source Link
What did the platypus say when he bought some lipstick?,Put it on my bill.,Kelsey Opel / Classpop!,https://www.classpop.com/magazine/dad-jokes
What time did the man go to the dentist?,Tooth hurty.,Kelsey Opel / Classpop!,https://www.classpop.com/magazine/dad-jokes
Want to hear a joke about a piece of paper?,"Never mind, it's tearable.",Kelsey Opel / Classpop!,https://www.classpop.com/magazine/dad-jokes
I have a joke about pizza.,But it's too cheesy.,Kelsey Opel / Classpop!,https://www.classpop.com/magazine/dad-jokes
I have a joke about a pencil.,But it's pointless.,Kelsey Opel / Classpop!,https://www.classpop.com/magazine/dad-jokes
My wife said I should do lunges to stay in shape.,That would be a big step forward.,Kelsey Opel / Classpop!,https://www.classpop.com/magazine/dad-jokes
I used to hate facial hair.,But then it grew on me.,Kelsey Opel / Classpop!,https://www.classpop.com/magazine/dad-jokes
Why was the wedding so beautiful?,Even the cake was in tiers.,Kelsey Opel / Classpop!,https://www.classpop.com/magazine/dad-jokes
What do you call a rude cow?,Beef jerky.,Kelsey Opel / Classpop!,https://www.classpop.com/magazine/dad-jokes
What happened when the world's tongue-twister champion got arrested?,They gave him a tough sentence.,Kelsey Opel / Classpop!,https://www.classpop.com/magazine/dad-jokes
Why was the woman afraid of the calendar?,She said its days were numbered.,Kelsey Opel / Classpop!,https://www.classpop.com/magazine/dad-jokes
What did the drummer name his daughters?,"Anna One, Anna Two.",Kelsey Opel / Classpop!,https://www.classpop.com/magazine/dad-jokes
Why don't astronomers like Orion's Belt?,Because it's a waist of space.,Kelsey Opel / Classpop!,https://www.classpop.com/magazine/dad-jokes
I have a joke about a lightbulb.,But I'm afraid I'll screw it up.,Kelsey Opel / Classpop!,https://www.classpop.com/magazine/dad-jokes
I have a joke about cows.,But I don't want to milk it.,Kelsey Opel / Classpop!,https://www.classpop.com/magazine/dad-jokes
How do you make a robot angry?,Keep pushing its buttons.,Kelsey Opel / Classpop!,https://www.classpop.com/magazine/dad-jokes
Why did the grape cry?,Its mom was in a jam.,Kelsey Opel / Classpop!,https://www.classpop.com/magazine/dad-jokes
Why did the electric car feel discriminated against?,Because the rules weren't current.,Kelsey Opel / Classpop!,https://www.classpop.com/magazine/dad-jokes
Where did the pumpkins have their meeting?,In the gourd room.,Kelsey Opel / Classpop!,https://www.classpop.com/magazine/dad-jokes
What do you call a criminal landing a plane?,Condescending.,Kelsey Opel / Classpop!,https://www.classpop.com/magazine/dad-jokes
What did the crocodile wear to the beach?,Crocs.,Kelsey Opel / Classpop!,https://www.classpop.com/magazine/dad-jokes
Why are barcodes printed on the sides of Norwegian battleships?,"So when they come into port, they can Scandinavian.",Kelsey Opel / Classpop!,https://www.classpop.com/magazine/dad-jokes
Why don't pirates travel on mountain roads?,Scurvy.,Kelsey Opel / Classpop!,https://www.classpop.com/magazine/dad-jokes
What do you call a deer with no eyes?,No-eye deer.,Kelsey Opel / Classpop!,https://www.classpop.com/magazine/dad-jokes
What did the police officer say to his belly button?,You're under a vest.,Kelsey Opel / Classpop!,https://www.classpop.com/magazine/dad-jokes
What did one hat say to the other?,"Stay here, I'm going on a head.",Kelsey Opel / Classpop!,https://www.classpop.com/magazine/dad-jokes
A magician was walking down the street.,Then he turned into a store.,Kelsey Opel / Classpop!,https://www.classpop.com/magazine/dad-jokes
Did you hear about the king who was exactly twelve inches tall?,He was a great ruler.,Kelsey Opel / Classpop!,https://www.classpop.com/magazine/dad-jokes
What's Forrest Gump's password?,1Forrest1.,Kelsey Opel / Classpop!,https://www.classpop.com/magazine/dad-jokes
What do you call a guy lying on the floor in front of a door?,Matt.,Kelsey Opel / Classpop!,https://www.classpop.com/magazine/dad-jokes
What happened when the French cheese factory exploded?,Da brie was everywhere.,Kelsey Opel / Classpop!,https://www.classpop.com/magazine/dad-jokes
Watch what you say around egg whites.,They can't take a yolk.,Kelsey Opel / Classpop!,https://www.classpop.com/magazine/dad-jokes
What's the best way to save your dad jokes?,In a dadda-base.,Kelsey Opel / Classpop!,https://www.classpop.com/magazine/dad-jokes
Why couldn't the produce manager make it to work?,"He could drive, but didn't avocado.",Kelsey Opel / Classpop!,https://www.classpop.com/magazine/dad-jokes
Why is my wallet like an onion?,"Every time I open it, I cry.",Kelsey Opel / Classpop!,https://www.classpop.com/magazine/dad-jokes
I was going to try an almond diet.,But that's just nuts.,Kelsey Opel / Classpop!,https://www.classpop.com/magazine/dad-jokes
I tried to make up a joke about a ghost.,"It had plenty of spirit, but no body.",Kelsey Opel / Classpop!,https://www.classpop.com/magazine/dad-jokes
What do you call a dog who meditates?,Aware wolf.,Kelsey Opel / Classpop!,https://www.classpop.com/magazine/dad-jokes
What does a nosey pepper do?,It gets jalapeño business.,Kelsey Opel / Classpop!,https://www.classpop.com/magazine/dad-jokes
What did the ocean say to the beach?,"Nothing, it just waved.",Kelsey Opel / Classpop!,https://www.classpop.com/magazine/dad-jokes
Why did the golfer get a new pair of pants?,Because he got a hole-in-one.,Kelsey Opel / Classpop!,https://www.classpop.com/magazine/dad-jokes
How long is a piece of string?,Twice as long as half of it.,Kelsey Opel / Classpop!,https://www.classpop.com/magazine/dad-jokes
Why did the old man fall in the well?,Because he couldn't see that well.,Kelsey Opel / Classpop!,https://www.classpop.com/magazine/dad-jokes
Did you hear about the person who was afraid to jump a hurdle?,They got over it.,Kelsey Opel / Classpop!,https://www.classpop.com/magazine/dad-jokes
What's the best way to watch a fly-fishing tournament?,Live stream it.,Kelsey Opel / Classpop!,https://www.classpop.com/magazine/dad-jokes
Why did the broom go to bed?,It was sweepy.,Kelsey Opel / Classpop!,https://www.classpop.com/magazine/dad-jokes
What's red and smells like blue paint?,Red paint.,Kelsey Opel / Classpop!,https://www.classpop.com/magazine/dad-jokes
What's the difference between a 'dad joke' and a 'bad joke'?,The direction of the first letter.,Kelsey Opel / Classpop!,https://www.classpop.com/magazine/dad-jokes
I have a joke about banking.,But I lost interest.,Kelsey Opel / Classpop!,https://www.classpop.com/magazine/dad-jokes
Where should you never take a dog?,The flea market.,Kelsey Opel / Classpop!,https://www.classpop.com/magazine/dad-jokes
What do you call a shoe made out of a banana peel?,A slipper.,Kelsey Opel / Classpop!,https://www.classpop.com/magazine/dad-jokes
Did you hear about the guy who stole a calendar?,He got twelve months.,Kelsey Opel / Classpop!,https://www.classpop.com/magazine/dad-jokes
My boss told me to have a good day.,So I went home.,Kelsey Opel / Classpop!,https://www.classpop.com/magazine/dad-jokes
Did you hear about the cat that ate a lemon?,Now it's a sour puss.,Kelsey Opel / Classpop!,https://www.classpop.com/magazine/dad-jokes
"If money doesn't grow on trees, why do banks have branches?",Nobody knows.,Kelsey Opel / Classpop!,https://www.classpop.com/magazine/dad-jokes
What do you call an illegally parked frog?,A toad.,Kelsey Opel / Classpop!,https://www.classpop.com/magazine/dad-jokes
Why did the employee get fired from the keyboard factory?,They weren't putting in enough shifts.,Kelsey Opel / Classpop!,https://www.classpop.com/magazine/dad-jokes
What do you call a priest who becomes a lawyer?,A father-in-law.,Kelsey Opel / Classpop!,https://www.classpop.com/magazine/dad-jokes
What did the full glass say to the empty glass?,You look drunk.,Kelsey Opel / Classpop!,https://www.classpop.com/magazine/dad-jokes
What did the fish say when he hit the wall?,Dam.,Kelsey Opel / Classpop!,https://www.classpop.com/magazine/dad-jokes
How do fish get high?,Seaweed.,Kelsey Opel / Classpop!,https://www.classpop.com/magazine/dad-jokes
What's a lawyer's favorite drink?,Subpoena colada.,Kelsey Opel / Classpop!,https://www.classpop.com/magazine/dad-jokes
I used to be addicted to soap.,But I'm clean now.,Kelsey Opel / Classpop!,https://www.classpop.com/magazine/dad-jokes
How do you make holy water?,You boil the hell out of it.,Kelsey Opel / Classpop!,https://www.classpop.com/magazine/dad-jokes
Did you hear about the restaurant on the moon?,"Great food, no atmosphere.",Kelsey Opel / Classpop!,https://www.classpop.com/magazine/dad-jokes
Why wouldn't the bike stand on its own?,Because it was two tired.,Kelsey Opel / Classpop!,https://www.classpop.com/magazine/dad-jokes
What do you call someone with no body and no nose?,Nobody knows.,Kelsey Opel / Classpop!,https://www.classpop.com/magazine/dad-jokes
What did the slow tomato say to the others?,"Don't worry, I'll ketchup.",Kelsey Opel / Classpop!,https://www.classpop.com/magazine/dad-jokes
Why did all the meatballs tell the spaghetti to go to sleep?,It was pasta bedtime.,Kelsey Opel / Classpop!,https://www.classpop.com/magazine/dad-jokes
How much do roofs cost?,"Nothing, they're on the house.",Kelsey Opel / Classpop!,https://www.classpop.com/magazine/dad-jokes
Time flies like an arrow.,Fruit flies like a banana.,Kelsey Opel / Classpop!,https://www.classpop.com/magazine/dad-jokes
"Whenever you get a bad sausage,",it's just the wurst.,Kelsey Opel / Classpop!,https://www.classpop.com/magazine/dad-jokes
My wife texted that our pantry is out of pasta.,Now we're penne-less.,Kelsey Opel / Classpop!,https://www.classpop.com/magazine/dad-jokes
I'd avoid the sushi if I were you.,It's a little fishy.,Kelsey Opel / Classpop!,https://www.classpop.com/magazine/dad-jokes
Lance isn't a common name these days.,"But in medieval times, they were called lance-a-lot.",Kelsey Opel / Classpop!,https://www.classpop.com/magazine/dad-jokes
Why can't you send a duck to outer space?,Because the bill would be astronomical.,Kelsey Opel / Classpop!,https://www.classpop.com/magazine/dad-jokes
Why did the computer get mad at the printer?,Because it didn't like its toner voice.,Kelsey Opel / Classpop!,https://www.classpop.com/magazine/dad-jokes
I have a joke about chemistry.,But I don't think it'll get a reaction.,Kelsey Opel / Classpop!,https://www.classpop.com/magazine/dad-jokes
What do you call a grizzly bear with no teeth?,A gummy bear.,Kelsey Opel / Classpop!,https://www.classpop.com/magazine/dad-jokes
How do you fix a broken tomato?,With tomato paste.,Kelsey Opel / Classpop!,https://www.classpop.com/magazine/dad-jokes
What happens when you take a watch on a plane?,Time flies.,Kelsey Opel / Classpop!,https://www.classpop.com/magazine/dad-jokes
What do you get when you make humorous soup?,Laughing stock.,Kelsey Opel / Classpop!,https://www.classpop.com/magazine/dad-jokes
I asked the librarian if she knew any authors who wrote dinosaur novels.,"She said, try Sarah Topps.",Kelsey Opel / Classpop!,https://www.classpop.com/magazine/dad-jokes
Why are skeletons so calm?,Because nothing gets under their skin.,Kelsey Opel / Classpop!,https://www.classpop.com/magazine/dad-jokes
"We're renovating the house, and the first floor is going great.",But the second floor is another story.,Kelsey Opel / Classpop!,https://www.classpop.com/magazine/dad-jokes
I'm reading an anti-gravity book.,"It's so good, I can't put it down.",Kelsey Opel / Classpop!,https://www.classpop.com/magazine/dad-jokes
I just paid a hundred dollars for a belt that doesn't fit.,What a waist.,Kelsey Opel / Classpop!,https://www.classpop.com/magazine/dad-jokes
My wife and I let astrology get between us.,It just Taurus apart.,Kelsey Opel / Classpop!,https://www.classpop.com/magazine/dad-jokes
What does a baby computer call his father?,Data.,Kelsey Opel / Classpop!,https://www.classpop.com/magazine/dad-jokes
Where do pirates get their hooks?,Secondhand stores.,Kelsey Opel / Classpop!,https://www.classpop.com/magazine/dad-jokes
What's the difference between a bull and a cow?,It's one or the utter.,Kelsey Opel / Classpop!,https://www.classpop.com/magazine/dad-jokes
What did the photon say to the hotel bellhop?,"No luggage, I'm traveling light.",Kelsey Opel / Classpop!,https://www.classpop.com/magazine/dad-jokes
How do you follow someone famous in the snow?,You follow fresh prints.,Kelsey Opel / Classpop!,https://www.classpop.com/magazine/dad-jokes
Why did the coffee go to the police?,To report a mugging.,Kelsey Opel / Classpop!,https://www.classpop.com/magazine/dad-jokes
To the person who stole my dictionary:,I have no words.,Kelsey Opel / Classpop!,https://www.classpop.com/magazine/dad-jokes
What do you give to a sick lemon?,Lemon-aid.,Kelsey Opel / Classpop!,https://www.classpop.com/magazine/dad-jokes
What did the tree say in spring?,What a re-leaf.,Kelsey Opel / Classpop!,https://www.classpop.com/magazine/dad-jokes
Why didn't the sun enroll in college?,It already had a million degrees.,Kelsey Opel / Classpop!,https://www.classpop.com/magazine/dad-jokes
How does an Eskimo build a house?,Igloos it together.,Kelsey Opel / Classpop!,https://www.classpop.com/magazine/dad-jokes
I used to be a baker.,But I couldn't make enough dough.,Kelsey Opel / Classpop!,https://www.classpop.com/magazine/dad-jokes
At first I thought my chiropractor wasn't any good.,But I stand corrected.,Kelsey Opel / Classpop!,https://www.classpop.com/magazine/dad-jokes
It's raining cats and dogs.,Be careful not to step in a poodle.,Kelsey Opel / Classpop!,https://www.classpop.com/magazine/dad-jokes
What's the best thing about living in Switzerland?,"I don't know, but the flag is a huge plus.",Kelsey Opel / Classpop!,https://www.classpop.com/magazine/dad-jokes
How do you cure a fear of speed bumps?,You slowly get over it.,Kelsey Opel / Classpop!,https://www.classpop.com/magazine/dad-jokes
Why won't Apple start making cars?,They don't support Windows.,Kelsey Opel / Classpop!,https://www.classpop.com/magazine/dad-jokes
To the person who stole my glasses:,I will find you. I have contacts.,Kelsey Opel / Classpop!,https://www.classpop.com/magazine/dad-jokes
Where can you learn to make ice cream?,Sundae school.,Kelsey Opel / Classpop!,https://www.classpop.com/magazine/dad-jokes
What did the beach say when the tide came in?,"Long time, no sea.",Kelsey Opel / Classpop!,https://www.classpop.com/magazine/dad-jokes
Why did the computer go to the doctor?,Because it had a virus.,Kelsey Opel / Classpop!,https://www.classpop.com/magazine/dad-jokes
What's an astronaut's favorite board game?,Moon-opoly.,Kelsey Opel / Classpop!,https://www.classpop.com/magazine/dad-jokes
Why did the teddy bear turn down the slice of cake?,He was stuffed.,Kelsey Opel / Classpop!,https://www.classpop.com/magazine/dad-jokes
How are scooters like butter?,They're on a roll.,Kelsey Opel / Classpop!,https://www.classpop.com/magazine/dad-jokes
Why are pupils the last part of your body to stop working when you die?,They dilate.,Kelsey Opel / Classpop!,https://www.classpop.com/magazine/dad-jokes
Why was 2019 afraid of 2020?,Because they had a fight and 2021.,Kelsey Opel / Classpop!,https://www.classpop.com/magazine/dad-jokes
Why are nurses always running out of red crayons?,Because they always have to draw blood.,Kelsey Opel / Classpop!,https://www.classpop.com/magazine/dad-jokes
Did you hear about the square that got into a car accident?,Now he's a rect-angle.,Kelsey Opel / Classpop!,https://www.classpop.com/magazine/dad-jokes
What did the zero say to the eight?,Nice belt.,Kelsey Opel / Classpop!,https://www.classpop.com/magazine/dad-jokes
Why can't dinosaurs clap their hands?,Because they're extinct.,Kelsey Opel / Classpop!,https://www.classpop.com/magazine/dad-jokes
Who won the neck decorating contest?,"No one, it was a tie.",Kelsey Opel / Classpop!,https://www.classpop.com/magazine/dad-jokes
How many apples grow on an apple tree?,All of them.,Kelsey Opel / Classpop!,https://www.classpop.com/magazine/dad-jokes
How do you make seven even?,Take away the 's'.,Kelsey Opel / Classpop!,https://www.classpop.com/magazine/dad-jokes
How do you make a fire with two sticks?,Make sure one's a match.,Kelsey Opel / Classpop!,https://www.classpop.com/magazine/dad-jokes
What do you call a fly with no wings?,A walk.,Kelsey Opel / Classpop!,https://www.classpop.com/magazine/dad-jokes
Did you pick your nose?,"No, I was born with it.",Kelsey Opel / Classpop!,https://www.classpop.com/magazine/dad-jokes
I don't trust stairs.,They're always up to something.,Kelsey Opel / Classpop!,https://www.classpop.com/magazine/dad-jokes
Why did the basketball player get arrested?,"I was wondering why it was getting bigger and bigger, then it hit me.",Kelsey Opel / Classpop!,https://www.classpop.com/magazine/dad-jokes
I finally watched a documentary about clocks.,It was about time.,Kelsey Opel / Classpop!,https://www.classpop.com/magazine/dad-jokes
What's green and has wheels?,Grass. I lied about the wheels.,Kelsey Opel / Classpop!,https://www.classpop.com/magazine/dad-jokes
Why are balloons so big?,Inflation.,Kelsey Opel / Classpop!,https://www.classpop.com/magazine/dad-jokes
What do you call a fish with no eyes?,A fsh.,Kelsey Opel / Classpop!,https://www.classpop.com/magazine/dad-jokes
Why can't you ever run through a campsite?,"You can only ran, it's always past tents.",Kelsey Opel / Classpop!,https://www.classpop.com/magazine/dad-jokes
Why are pigs bad drivers?,They're road hogs.,Kelsey Opel / Classpop!,https://www.classpop.com/magazine/dad-jokes
Want to hear a joke about construction?,I'm still working on it.,Kelsey Opel / Classpop!,https://www.classpop.com/magazine/dad-jokes
Why should you never date a baker?,They're too kneady.,Kelsey Opel / Classpop!,https://www.classpop.com/magazine/dad-jokes
I thought it was the dryer shrinking my clothes.,Turns out it was the refrigerator all along.,Kelsey Opel / Classpop!,https://www.classpop.com/magazine/dad-jokes
Why are elevator jokes so good?,They work on many levels.,Kelsey Opel / Classpop!,https://www.classpop.com/magazine/dad-jokes
What's the difference between a hippo and a Zippo?,"One is very heavy, the other is a little lighter.",Kelsey Opel / Classpop!,https://www.classpop.com/magazine/dad-jokes
Why do giraffes have such long legs?,Because their feet smell.,Kelsey Opel / Classpop!,https://www.classpop.com/magazine/dad-jokes
How do you make an eggroll?,You push it.,Kelsey Opel / Classpop!,https://www.classpop.com/magazine/dad-jokes
How do you make a tissue dance?,You put a little boogie in it.,Kelsey Opel / Classpop!,https://www.classpop.com/magazine/dad-jokes
What do you call a magic dog?,A labracadabrador.,Kelsey Opel / Classpop!,https://www.classpop.com/magazine/dad-jokes
How did the skeleton know it was about to rain?,He could feel it in his bones.,Kelsey Opel / Classpop!,https://www.classpop.com/magazine/dad-jokes
What do you call cheese that isn't yours?,Nacho cheese.,Kelsey Opel / Classpop!,https://www.classpop.com/magazine/dad-jokes
Why did the candle quit his job?,He felt burned out.,Kelsey Opel / Classpop!,https://www.classpop.com/magazine/dad-jokes
What do you call a dancing cow?,A milkshake.,Kelsey Opel / Classpop!,https://www.classpop.com/magazine/dad-jokes
What do you call a sad strawberry?,A blueberry.,Kelsey Opel / Classpop!,https://www.classpop.com/magazine/dad-jokes
What kind of music do planets listen to?,Nep-tunes.,Kelsey Opel / Classpop!,https://www.classpop.com/magazine/dad-jokes
How do you get a mouse to smile?,Say cheese.,Kelsey Opel / Classpop!,https://www.classpop.com/magazine/dad-jokes
What do you call a moose with no name?,Anonymoose.,Kelsey Opel / Classpop!,https://www.classpop.com/magazine/dad-jokes
Why couldn't the pony sing happy birthday?,She was a little horse.,Kelsey Opel / Classpop!,https://www.classpop.com/magazine/dad-jokes
Why did the mushroom go to the party?,Because he was a fun-guy.,Kelsey Opel / Classpop!,https://www.classpop.com/magazine/dad-jokes
How does the moon cut his hair?,He eclipses it.,Kelsey Opel / Classpop!,https://www.classpop.com/magazine/dad-jokes
Two guys walked into a bar.,The third guy ducked.,Kelsey Opel / Classpop!,https://www.classpop.com/magazine/dad-jokes
What state is known for its tiny sodas?,Minnesota.,Kelsey Opel / Classpop!,https://www.classpop.com/magazine/dad-jokes
What do you call a boomerang that doesn't come back?,A stick.,Kelsey Opel / Classpop!,https://www.classpop.com/magazine/dad-jokes
When does a regular joke become a dad joke?,When it becomes apparent.,Kelsey Opel / Classpop!,https://www.classpop.com/magazine/dad-jokes
How does Darth Vader like his toast?,He likes it on the dark side.,Kelsey Opel / Classpop!,https://www.classpop.com/magazine/dad-jokes
How did the barber win the race?,He knew a shortcut.,Kelsey Opel / Classpop!,https://www.classpop.com/magazine/dad-jokes
What do you call a sheep who can sing and dance?,Lady Ba Ba.,Kelsey Opel / Classpop!,https://www.classpop.com/magazine/dad-jokes
Why did the egg take the day off?,Because it was Fryday.,Kelsey Opel / Classpop!,https://www.classpop.com/magazine/dad-jokes
What's a skeleton's favorite type of road?,A dead end.,Kelsey Opel / Classpop!,https://www.classpop.com/magazine/dad-jokes
Why did the coffee taste like dirt?,Because it was ground just moments ago.,Kelsey Opel / Classpop!,https://www.classpop.com/magazine/dad-jokes
When does a joke become a 'dad joke'?,When it becomes apparent.,Kelsey Pelzer / Parade,https://parade.com/940979/kelseypelzer/best-dad-jokes/
"You're American when you go into a bathroom, and American when you come out.",But what are you while you're in there? European.,Kelsey Pelzer / Parade,https://parade.com/940979/kelseypelzer/best-dad-jokes/
I've been thinking about taking up meditation.,I figure it's better than sitting around doing nothing.,Kelsey Pelzer / Parade,https://parade.com/940979/kelseypelzer/best-dad-jokes/
Dogs can't operate MRI machines.,But catscan.,Kelsey Pelzer / Parade,https://parade.com/940979/kelseypelzer/best-dad-jokes/
I lost my job at the bank on my first day.,"A woman asked me to check her balance, so I pushed her over.",Kelsey Pelzer / Parade,https://parade.com/940979/kelseypelzer/best-dad-jokes/
Why did Waldo go to therapy?,Because he needed to find himself.,Kelsey Pelzer / Parade,https://parade.com/940979/kelseypelzer/best-dad-jokes/
How do you row a canoe filled with puppies?,Bring out the doggy paddle.,Kelsey Pelzer / Parade,https://parade.com/940979/kelseypelzer/best-dad-jokes/
What did the flowers do when the bride walked down the aisle?,They rose.,Kelsey Pelzer / Parade,https://parade.com/940979/kelseypelzer/best-dad-jokes/
Why were the utensils stuck together?,They were spooning.,Kelsey Pelzer / Parade,https://parade.com/940979/kelseypelzer/best-dad-jokes/
What did the dad say when his golden retriever was caught eating a hot dog?,It's a dog eat dog world out there.,Kelsey Pelzer / Parade,https://parade.com/940979/kelseypelzer/best-dad-jokes/
Do mascara and lipstick ever argue?,"Sure, but then they makeup.",Kelsey Pelzer / Parade,https://parade.com/940979/kelseypelzer/best-dad-jokes/
What piece on the playground is always exhausted?,The tire swing.,Kelsey Pelzer / Parade,https://parade.com/940979/kelseypelzer/best-dad-jokes/
Why did two tall people get along so well?,They could really see eye to eye.,Kelsey Pelzer / Parade,https://parade.com/940979/kelseypelzer/best-dad-jokes/
Why was the gossip disliked at the coffee shop?,She always spilled the tea.,Kelsey Pelzer / Parade,https://parade.com/940979/kelseypelzer/best-dad-jokes/
What does a writer have in common with a football player?,Anxiety over a rough draft.,Kelsey Pelzer / Parade,https://parade.com/940979/kelseypelzer/best-dad-jokes/
Where do wasps like to get lunch?,A bee-stro.,Kelsey Pelzer / Parade,https://parade.com/940979/kelseypelzer/best-dad-jokes/
What did one furniture maker say to another during a tense discussion?,Let's table this.,Kelsey Pelzer / Parade,https://parade.com/940979/kelseypelzer/best-dad-jokes/
I was going to tell a joke about water.,But it was too tasteless.,Kelsey Pelzer / Parade,https://parade.com/940979/kelseypelzer/best-dad-jokes/
How do you tell if a vampire is sick?,See if he is coffin.,Parade,https://parade.com/965742/parade/corny-jokes/
What did the tomato say to the other tomato during a race?,Ketchup.,Parade,https://parade.com/965742/parade/corny-jokes/
What do you call a sleeping dinosaur?,A dino-snore.,Parade,https://parade.com/965742/parade/corny-jokes/
What does corn say when it gets a compliment?,"Aw, shucks.",Parade,https://parade.com/965742/parade/corny-jokes/
What runs but never goes anywhere?,A fridge.,Parade,https://parade.com/965742/parade/corny-jokes/
What did the bartender say to the turkey sandwich when it tried to order a beer?,"Sorry, we don't serve food here.",Parade,https://parade.com/965742/parade/corny-jokes/
Why do seagulls fly over the sea?,"If they flew over the bay, they'd be bagels.",Parade,https://parade.com/965742/parade/corny-jokes/
What do baby computers call their father?,Data.,Parade,https://parade.com/965742/parade/corny-jokes/
What do you call a sad cup of coffee?,Depresso.,Parade,https://parade.com/965742/parade/corny-jokes/
What do you call a pig that does karate?,A pork chop.,Parade,https://parade.com/965742/parade/corny-jokes/
What do you call fake spaghetti?,An im-pasta.,Parade,https://parade.com/965742/parade/corny-jokes/
What do you call a well-balanced horse?,Stable.,Parade,https://parade.com/965742/parade/corny-jokes/
When do computers overheat?,When they need to vent.,Parade,https://parade.com/965742/parade/corny-jokes/
Why do bees have sticky hair?,Because they use honeycombs.,Parade,https://parade.com/965742/parade/corny-jokes/
Why can't your ear be twelve inches long?,Because then it would be a foot.,Parade,https://parade.com/965742/parade/corny-jokes/
What do you call a factory that sells good products?,A satisfactory.,Parade,https://parade.com/965742/parade/corny-jokes/
What kind of music do planets like?,Neptunes.,Parade,https://parade.com/965742/parade/corny-jokes/
Why couldn't the tree get on his computer?,He couldn't log on.,Parade,https://parade.com/965742/parade/corny-jokes/
Why is sausage so bad for you?,Because it brings out the wurst in people.,Parade,https://parade.com/965742/parade/corny-jokes/
What do you call an elephant in a telephone booth?,Stuck.,Parade,https://parade.com/965742/parade/corny-jokes/
What do you call a rabbit with fleas?,Bugs Bunny.,Parade,https://parade.com/965742/parade/corny-jokes/
What do you call a broken clock?,A total waste of time.,Parade,https://parade.com/965742/parade/corny-jokes/
Which vegetable is great at martial arts?,Broc-lee.,Parade,https://parade.com/965742/parade/corny-jokes/
What do mermaids use to wash their fins?,Tide.,Parade,https://parade.com/965742/parade/corny-jokes/
Why couldn't the shellfish farmer exercise?,He pulled a mussel.,Parade,https://parade.com/965742/parade/corny-jokes/
What kind of award do you give dentists?,A little plaque.,Parade,https://parade.com/965742/parade/corny-jokes/
What do pigs use in the shower?,Hogwash.,Parade,https://parade.com/965742/parade/corny-jokes/
Towels can't tell jokes.,They have a dry sense of humor.,Maryn Liles / Parade,https://parade.com/1024249/marynliles/funny-puns/
Did you hear about the man who swallowed six plastic horses?,"Thankfully, his doctors say he is stable now.",Maryn Liles / Parade,https://parade.com/1024249/marynliles/funny-puns/
Why should you never argue with a dinosaur?,You'll get jurasskicked.,Maryn Liles / Parade,https://parade.com/1024249/marynliles/funny-puns/
How can you spot a nosy pepper?,It gets jalapeño business.,Maryn Liles / Parade,https://parade.com/1024249/marynliles/funny-puns/
I'm so happy that Ford didn't invent the airplane.,It wouldn't have been Wright.,Maryn Liles / Parade,https://parade.com/1024249/marynliles/funny-puns/
I really can't stand Russian dolls.,They're so full of themselves.,Maryn Liles / Parade,https://parade.com/1024249/marynliles/funny-puns/
Would you like to hear a pig joke?,"It's kind of boar-ing, though.",Maryn Liles / Parade,https://parade.com/1024249/marynliles/funny-puns/
What's the body temperature of a Tauntaun?,Luke warm.,Maryn Liles / Parade,https://parade.com/1024249/marynliles/funny-puns/
Always be kind to dentists.,"They have fillings, too, you know.",Maryn Liles / Parade,https://parade.com/1024249/marynliles/funny-puns/
What did the fish say when it ran into a wall?,Dam.,Maryn Liles / Parade,https://parade.com/1024249/marynliles/funny-puns/
People from the UK call an elevator a 'lift'.,I guess they were just raised differently.,Maryn Liles / Parade,https://parade.com/1024249/marynliles/funny-puns/
I once entered ten puns in a joke contest hoping at least one would win.,"Unfortunately, no pun in ten did.",Maryn Liles / Parade,https://parade.com/1024249/marynliles/funny-puns/
What do you call a rude criminal going down the stairs?,A condescending con descending.,Maryn Liles / Parade,https://parade.com/1024249/marynliles/funny-puns/
"Ladies, if he can't appreciate your fruit jokes,",you need to let that mango.,Maryn Liles / Parade,https://parade.com/1024249/marynliles/funny-puns/
"Geology rocks,",but geography is where it's at.,Maryn Liles / Parade,https://parade.com/1024249/marynliles/funny-puns/
What was Forrest Gump's email password?,1forrest1.,Maryn Liles / Parade,https://parade.com/1024249/marynliles/funny-puns/
My sister bet I couldn't build a car out of spaghetti.,You should've seen her face when I drove pasta.,Maryn Liles / Parade,https://parade.com/1024249/marynliles/funny-puns/
"My wife tried to apply at the post office, but they wouldn't letter.",They said only mails work there.,Maryn Liles / Parade,https://parade.com/1024249/marynliles/funny-puns/
My friend's bakery burned down last night.,Now his business is toast.,Maryn Liles / Parade,https://parade.com/1024249/marynliles/funny-puns/
Getting the ability to fly would be so...,uplifting.,Maryn Liles / Parade,https://parade.com/1024249/marynliles/funny-puns/
It's hard to explain puns to kleptomaniacs.,They always take things literally.,Maryn Liles / Parade,https://parade.com/1024249/marynliles/funny-puns/
Communist jokes aren't funny,unless everyone gets them.,Maryn Liles / Parade,https://parade.com/1040121/marynliles/one-liners/
I buy all my guns from a guy named T-Rex.,He's a small arms dealer.,Maryn Liles / Parade,https://parade.com/1040121/marynliles/one-liners/
Four fonts walk into a bar.,"The bartender says, 'Hey, we don't want your type in here.'",Maryn Liles / Parade,https://parade.com/1040121/marynliles/one-liners/
"If you don't pay your exorcist,",do you get repossessed?,Maryn Liles / Parade,https://parade.com/1040121/marynliles/one-liners/
"When the cannibal showed up late to the buffet,",they gave him the cold shoulder.,Maryn Liles / Parade,https://parade.com/1040121/marynliles/one-liners/
A ghost walked into a bar and ordered a shot of vodka.,"The bartender said, 'Sorry, we don't serve spirits here.'",Maryn Liles / Parade,https://parade.com/1040121/marynliles/one-liners/
The man who invented knock-knock jokes,should get a no bell prize.,Maryn Liles / Parade,https://parade.com/1040121/marynliles/one-liners/
I bought the world's worst thesaurus yesterday.,"Not only is it terrible, it's also terrible.",Maryn Liles / Parade,https://parade.com/1040121/marynliles/one-liners/
The problem isn't that obesity runs in your family.,It's that no one runs in your family.,Maryn Liles / Parade,https://parade.com/1040121/marynliles/one-liners/
A man knocked on my door and asked for a small donation toward the local swimming pool.,I gave him a glass of water.,Maryn Liles / Parade,https://parade.com/1040121/marynliles/one-liners/
I'm reading a book about anti-gravity.,It's impossible to put down.,Maryn Liles / Parade,https://parade.com/1040121/marynliles/one-liners/
A patient on line one says he's invisible.,"Well, tell him I can't see him right now.",Maryn Liles / Parade,https://parade.com/1040121/marynliles/one-liners/
"Before you criticize someone, walk a mile in their shoes.","That way, when you do criticize them, you're a mile away and you have their shoes.",Maryn Liles / Parade,https://parade.com/1040121/marynliles/one-liners/
Why did the computer get sick?,It caught a virus.,Maryn Liles / Parade,https://parade.com/1287449/marynliles/short-jokes/
Why did the God of Thunder need to stretch his leg muscles so much as a kid?,He was a little Thor.,Maryn Liles / Parade,https://parade.com/1287449/marynliles/short-jokes/
What animal is always at a baseball game?,A bat.,Maryn Liles / Parade,https://parade.com/1287449/marynliles/short-jokes/
How can you tell if an ant is a boy or a girl?,"They're all girls, if they were boys they'd be uncles.",Maryn Liles / Parade,https://parade.com/1287449/marynliles/short-jokes/
Why did the teacher have a sack full of birdseed?,For her parrot-teacher conferences.,Maryn Liles / Parade,https://parade.com/1287449/marynliles/short-jokes/
What kind of music do mummies listen to?,Wrap music.,Maryn Liles / Parade,https://parade.com/1287449/marynliles/short-jokes/
What falls in winter but never gets hurt?,Snow.,Maryn Liles / Parade,https://parade.com/1287449/marynliles/short-jokes/
What do you think of that new diner on the moon?,"Food was good, but there really wasn't much atmosphere.",Maryn Liles / Parade,https://parade.com/1287449/marynliles/short-jokes/
My wife just completed a 40-week bodybuilding program this morning.,It's a girl and weighs 7 lbs 12 oz.,u/StuntsMonkey via Christian Dashiell / Fatherly,https://www.fatherly.com/entertainment/best-dad-jokes-reddit
"The day I turned 42, my daughter walked up to me and said 'happy...' and started timing on her watch.","After a long silence, she said: '...40 second birthday.'",u/amplifi-dash via Christian Dashiell / Fatherly,https://www.fatherly.com/entertainment/best-dad-jokes-reddit
What genre are national anthems?,Country.,u/rupanath97 via Christian Dashiell / Fatherly,https://www.fatherly.com/entertainment/best-dad-jokes-reddit
"Today my son asked, 'Can I have a bookmark?' and I burst into tears.",He's 11 years old and still doesn't know my name is Brian.,u/ebkbk via Christian Dashiell / Fatherly,https://www.fatherly.com/entertainment/best-dad-jokes-reddit
Why does Dracula always bite people in the neck?,Because he's a neck-romancer.,u/Typhann via Christian Dashiell / Fatherly,https://www.fatherly.com/entertainment/best-dad-jokes-reddit
"I am Buzz Aldrin, second man to step on the moon.",Neil before me.,u/mooshoopork4 via Christian Dashiell / Fatherly,https://www.fatherly.com/entertainment/best-dad-jokes-reddit
"Of all the inventions of the last 100 years,",the dry erase board has to be the most remarkable.,u/Foreverxtrue24 via Christian Dashiell / Fatherly,https://www.fatherly.com/entertainment/best-dad-jokes-reddit
I joined the dad jokes subreddit despite not being a dad.,I'm a faux pa.,u/RedShirtCashion via Christian Dashiell / Fatherly,https://www.fatherly.com/entertainment/best-dad-jokes-reddit
Did you hear the one about the dog and the tree?,They had a long conversation about bark.,u/amalgamxtc via Christian Dashiell / Fatherly,https://www.fatherly.com/entertainment/best-dad-jokes-reddit
"My wife asked me to flip the calendar to the next month, but it skipped from April to June.","She said, 'What's the matter? You look dis-Mayed.'",u/lan_mcdo via Christian Dashiell / Fatherly,https://www.fatherly.com/entertainment/best-dad-jokes-reddit
"A man walks into a pet store and asks for a dozen bees. The clerk counts out thirteen.","'That's one too many,' says the customer. 'It's a freebie,' replies the clerk.",u/RabidSyphiliticDingo via Christian Dashiell / Fatherly,https://www.fatherly.com/entertainment/best-dad-jokes-reddit
I told my daughter to go to bed because the cows are sleeping in the field.,That means it's pasture bedtime.,u/ArchipelagoMind via Christian Dashiell / Fatherly,https://www.fatherly.com/entertainment/best-dad-jokes-reddit
"If Ani is short for Anakin and Obi is short for Obi-Wan, what is Luke short for?",A stormtrooper.,u/wimpykidfan37 via Christian Dashiell / Fatherly,https://www.fatherly.com/entertainment/best-dad-jokes-reddit
"Karl Marx is a historically famous philosopher, but no one ever mentions his sister.","Onya, the inventor of the starting pistol.",Deleted Redditor via Christian Dashiell / Fatherly,https://www.fatherly.com/entertainment/best-dad-jokes-reddit
Where do you take someone who's been injured in a peek-a-boo accident?,To the I.C.U.,u/AlabamaMayan via Christian Dashiell / Fatherly,https://www.fatherly.com/entertainment/best-dad-jokes-reddit
My landlord texted saying we need to talk about how high my heating bill is.,"I replied: 'Sure, my door is always open.'",u/Daudelin1 via Christian Dashiell / Fatherly,https://www.fatherly.com/entertainment/best-dad-jokes-reddit
"A friend asked if I wanted to hear his Batman impression, then shouted 'NOT THE KRYPTONITE!' I said, 'That's Superman.'","He replied, 'Thanks, man, I've been practicing it a lot.'",u/GhostPotency via Christian Dashiell / Fatherly,https://www.fatherly.com/entertainment/best-dad-jokes-reddit
It's a 5-minute walk from my house to the bar.,But a 45-minute walk from the bar to my house. The difference is staggering.,u/wcslater via Christian Dashiell / Fatherly,https://www.fatherly.com/entertainment/best-dad-jokes-reddit
What has five toes but isn't your foot?,My foot.,u/D3V1L420 via Christian Dashiell / Fatherly,https://www.fatherly.com/entertainment/best-dad-jokes-reddit
How do you get a farm girl to marry you?,"First, a tractor.",u/asiers via Christian Dashiell / Fatherly,https://www.fatherly.com/entertainment/best-dad-jokes-reddit
"I caught my son chewing on electrical cords, so I had to ground him.","He's doing better currently, and now conducting himself properly.",u/AlabamaMayan via Christian Dashiell / Fatherly,https://www.fatherly.com/entertainment/best-dad-jokes-reddit
Did you hear the one about the guy with the broken hearing aid?,Neither did he.,icanhazdadjoke.com,https://icanhazdadjoke.com/
What do you call a fly without wings?,A walk.,icanhazdadjoke.com,https://icanhazdadjoke.com/
"When my wife told me to stop impersonating a flamingo,",I had to put my foot down.,icanhazdadjoke.com,https://icanhazdadjoke.com/
What do you call someone with no nose?,Nobody knows.,icanhazdadjoke.com,https://icanhazdadjoke.com/
Why can't you hear a pterodactyl go to the bathroom?,The p is silent.,icanhazdadjoke.com,https://icanhazdadjoke.com/
How many optometrists does it take to change a lightbulb?,1 or 2? 1... or 2?,icanhazdadjoke.com,https://icanhazdadjoke.com/
"I was thinking about moving to Moscow,",but there is no point Russian into things.,icanhazdadjoke.com,https://icanhazdadjoke.com/
Why does Waldo only wear stripes?,Because he doesn't want to be spotted.,icanhazdadjoke.com,https://icanhazdadjoke.com/
Do you know where you can get chicken broth in bulk?,The stock market.,icanhazdadjoke.com,https://icanhazdadjoke.com/
I used to work for a soft drink can crusher.,It was soda pressing.,icanhazdadjoke.com,https://icanhazdadjoke.com/
I went to the zoo the other day.,There was only one dog in it — it was a shih tzu.,icanhazdadjoke.com,https://icanhazdadjoke.com/
Why do chicken coops only have two doors?,"Because if they had four, they'd be chicken sedans.",icanhazdadjoke.com,https://icanhazdadjoke.com/
